{"$schema":"http://schema.management.azure.com/schemas/2015-01-01/deploymentTemplate.json#","contentVersion":"1.0.0.0","parameters":{"factoryName":{"type":"string","metadata":"Data Factory name"},"SQLDB":{"type":"string"},"inputBlob":{"type":"string"}},"variables":{"factoryId":"[concat('Microsoft.DataFactory/factories/', parameters('factoryName'))]"},"resources":[{"name":"[concat(parameters('factoryName'), '/Data to SQL_gen')]","type":"Microsoft.DataFactory/factories/pipelines","apiVersion":"2018-06-01","properties":{"activities":[{"name":"Lookup for Process","type":"Lookup","dependsOn":[],"policy":{"timeout":"7.00:00:00","retry":0,"retryIntervalInSeconds":30,"secureOutput":false,"secureInput":false},"userProperties":[],"typeProperties":{"source":{"type":"AzureSqlSource","sqlReaderQuery":{"value":"@{concat('SELECT * FROM cfg.ProcessesData WHERE ProcessName = ''', pipeline().parameters.ProcessName, '''')}","type":"Expression"},"queryTimeout":"02:00:00","partitionOption":"None"},"dataset":{"referenceName":"Metadata","type":"DatasetReference","parameters":{"tableName":"ProcessesData"}},"firstRowOnly":false}},{"name":"ForEachLanding","type":"ForEach","dependsOn":[{"activity":"Lookup for Process","dependencyConditions":["Succeeded"]}],"userProperties":[],"typeProperties":{"items":{"value":"@activity('Lookup for Process').output.value","type":"Expression"},"activities":[{"name":"Copy data1","type":"Copy","dependsOn":[],"policy":{"timeout":"7.00:00:00","retry":0,"retryIntervalInSeconds":30,"secureOutput":false,"secureInput":false},"userProperties":[],"typeProperties":{"source":{"type":"DelimitedTextSource","additionalColumns":[{"name":"FileName","value":"$$FILEPATH"},{"name":"TimeStamp","value":{"value":"@utcnow()","type":"Expression"}}],"storeSettings":{"type":"AzureBlobStorageReadSettings","recursive":true,"wildcardFileName":"*","enablePartitionDiscovery":false},"formatSettings":{"type":"DelimitedTextReadSettings"}},"sink":{"type":"AzureSqlSink","preCopyScript":{"value":"@{concat('TRUNCATE TABLE ', item().LandingTableSchema, '.', item().LandingTableName)}","type":"Expression"},"disableMetricsCollection":false},"enableStaging":false,"translator":{"type":"TabularTranslator","typeConversion":true,"typeConversionSettings":{"allowDataTruncation":true,"treatBooleanAsNumber":false}}},"inputs":[{"referenceName":"inputFile_gen","type":"DatasetReference","parameters":{"folderName":{"value":"@{item().SourcePath}","type":"Expression"}}}],"outputs":[{"referenceName":"outputTable_gen","type":"DatasetReference","parameters":{"tableName":{"value":"@{item().LandingTableName}","type":"Expression"},"schemaName":{"value":"@{item().LandingTableSchema}","type":"Expression"}}}]}]}},{"name":"Lookup for dim","type":"Lookup","dependsOn":[{"activity":"ForEachLanding","dependencyConditions":["Succeeded"]}],"policy":{"timeout":"7.00:00:00","retry":0,"retryIntervalInSeconds":30,"secureOutput":false,"secureInput":false},"userProperties":[],"typeProperties":{"source":{"type":"AzureSqlSource","sqlReaderQuery":"SELECT * FROM cfg.ProceduresList WHERE TableType = 'Dimension'","queryTimeout":"02:00:00","partitionOption":"None"},"dataset":{"referenceName":"Metadata","type":"DatasetReference","parameters":{"tableName":"ProceduresList"}},"firstRowOnly":false}},{"name":"ForEachDim","type":"ForEach","dependsOn":[{"activity":"Lookup for dim","dependencyConditions":["Succeeded"]}],"userProperties":[],"typeProperties":{"items":{"value":"@activity('Lookup for dim').output.value","type":"Expression"},"activities":[{"name":"DimProcedure","type":"SqlServerStoredProcedure","dependsOn":[],"policy":{"timeout":"7.00:00:00","retry":0,"retryIntervalInSeconds":30,"secureOutput":false,"secureInput":false},"userProperties":[],"typeProperties":{"storedProcedureName":{"value":"@item().ProcedureName","type":"Expression"}},"linkedServiceName":{"referenceName":"[parameters('SQLDB')]","type":"LinkedServiceReference"}}]}},{"name":"Lookup for dim2","type":"Lookup","dependsOn":[{"activity":"ForEachDim","dependencyConditions":["Succeeded"]}],"policy":{"timeout":"7.00:00:00","retry":0,"retryIntervalInSeconds":30,"secureOutput":false,"secureInput":false},"userProperties":[],"typeProperties":{"source":{"type":"AzureSqlSource","sqlReaderQuery":"SELECT * FROM cfg.ProceduresList WHERE TableType = 'Dimension2'","queryTimeout":"02:00:00","partitionOption":"None"},"dataset":{"referenceName":"Metadata","type":"DatasetReference","parameters":{"tableName":"ProceduresList"}},"firstRowOnly":false}},{"name":"ForEachDim2","type":"ForEach","dependsOn":[{"activity":"Lookup for dim2","dependencyConditions":["Succeeded"]}],"userProperties":[],"typeProperties":{"items":{"value":"@activity('Lookup for dim2').output.value","type":"Expression"},"activities":[{"name":"Dim2Procedure","type":"SqlServerStoredProcedure","dependsOn":[],"policy":{"timeout":"7.00:00:00","retry":0,"retryIntervalInSeconds":30,"secureOutput":false,"secureInput":false},"userProperties":[],"typeProperties":{"storedProcedureName":{"value":"@item().ProcedureName","type":"Expression"}},"linkedServiceName":{"referenceName":"[parameters('SQLDB')]","type":"LinkedServiceReference"}}]}},{"name":"Lookup for dim3","type":"Lookup","dependsOn":[{"activity":"ForEachDim2","dependencyConditions":["Succeeded"]}],"policy":{"timeout":"7.00:00:00","retry":0,"retryIntervalInSeconds":30,"secureOutput":false,"secureInput":false},"userProperties":[],"typeProperties":{"source":{"type":"AzureSqlSource","sqlReaderQuery":"SELECT * FROM cfg.ProceduresList WHERE TableType = 'Dimension3'","queryTimeout":"02:00:00","partitionOption":"None"},"dataset":{"referenceName":"Metadata","type":"DatasetReference","parameters":{"tableName":"ProceduresList"}},"firstRowOnly":false}},{"name":"ForEachDim3","type":"ForEach","dependsOn":[{"activity":"Lookup for dim3","dependencyConditions":["Succeeded"]}],"userProperties":[],"typeProperties":{"items":{"value":"@activity('Lookup for dim3').output.value","type":"Expression"},"activities":[{"name":"Dim3Procedure","type":"SqlServerStoredProcedure","dependsOn":[],"policy":{"timeout":"7.00:00:00","retry":0,"retryIntervalInSeconds":30,"secureOutput":false,"secureInput":false},"userProperties":[],"typeProperties":{"storedProcedureName":{"value":"@item().ProcedureName","type":"Expression"}},"linkedServiceName":{"referenceName":"[parameters('SQLDB')]","type":"LinkedServiceReference"}}]}},{"name":"Lookup for Fact","type":"Lookup","dependsOn":[{"activity":"ForEachDim3","dependencyConditions":["Succeeded"]}],"policy":{"timeout":"7.00:00:00","retry":0,"retryIntervalInSeconds":30,"secureOutput":false,"secureInput":false},"userProperties":[],"typeProperties":{"source":{"type":"AzureSqlSource","sqlReaderQuery":"SELECT * FROM cfg.ProceduresList WHERE TableType = 'Fact'","queryTimeout":"02:00:00","partitionOption":"None"},"dataset":{"referenceName":"Metadata","type":"DatasetReference","parameters":{"tableName":"ProceduresList"}},"firstRowOnly":false}},{"name":"ForEachFact","type":"ForEach","dependsOn":[{"activity":"Lookup for Fact","dependencyConditions":["Succeeded"]}],"userProperties":[],"typeProperties":{"items":{"value":"@activity('Lookup for Fact').output.value","type":"Expression"},"activities":[{"name":"Stored FactProcedure","type":"SqlServerStoredProcedure","dependsOn":[],"policy":{"timeout":"7.00:00:00","retry":0,"retryIntervalInSeconds":30,"secureOutput":false,"secureInput":false},"userProperties":[],"typeProperties":{"storedProcedureName":{"value":"@{item().ProcedureName}","type":"Expression"}},"linkedServiceName":{"referenceName":"[parameters('SQLDB')]","type":"LinkedServiceReference"}}]}}],"parameters":{"ProcessName":{"type":"string","defaultValue":"salesData"}},"annotations":[]},"dependsOn":["[concat(variables('factoryId'), '/datasets/Metadata')]","[concat(variables('factoryId'), '/datasets/inputFile_gen')]","[concat(variables('factoryId'), '/datasets/outputTable_gen')]"]},{"name":"[concat(parameters('factoryName'), '/Metadata')]","type":"Microsoft.DataFactory/factories/datasets","apiVersion":"2018-06-01","properties":{"linkedServiceName":{"referenceName":"[parameters('SQLDB')]","type":"LinkedServiceReference"},"parameters":{"tableName":{"type":"string"}},"annotations":[],"type":"AzureSqlTable","schema":[],"typeProperties":{"schema":"cfg","table":{"value":"@dataset().tableName","type":"Expression"}}},"dependsOn":[]},{"name":"[concat(parameters('factoryName'), '/inputFile_gen')]","type":"Microsoft.DataFactory/factories/datasets","apiVersion":"2018-06-01","properties":{"linkedServiceName":{"referenceName":"[parameters('inputBlob')]","type":"LinkedServiceReference"},"parameters":{"folderName":{"type":"string"}},"annotations":[],"type":"DelimitedText","typeProperties":{"location":{"type":"AzureBlobStorageLocation","container":{"value":"@dataset().folderName","type":"Expression"}},"columnDelimiter":";","escapeChar":"\\","firstRowAsHeader":true,"quoteChar":"\""},"schema":[]},"dependsOn":[]},{"name":"[concat(parameters('factoryName'), '/outputTable_gen')]","type":"Microsoft.DataFactory/factories/datasets","apiVersion":"2018-06-01","properties":{"linkedServiceName":{"referenceName":"[parameters('SQLDB')]","type":"LinkedServiceReference"},"parameters":{"tableName":{"type":"string"},"schemaName":{"type":"string"}},"annotations":[],"type":"AzureSqlTable","schema":[],"typeProperties":{"schema":{"value":"@dataset().schemaName","type":"Expression"},"table":{"value":"@dataset().tableName","type":"Expression"}}},"dependsOn":[]}]}